ID,Fecha,Year,Municipio,clave_municipio,Estado,clave_estado,Tipo de documento,clave_tipo_de_documento,Tipo de evento,clave_tipo_de_evento,Heridos autoridades,Muertos_autoridades,Detenidos,Heridos_delincuencia,Muertos_delincuencia,Heridos_civiles,Muertos_civiles,Policía Federal,Sedena,Semar,PGR,Policia_Estatal,Policia_Municipal,AFI,Estado_mayor
1,07/06/2006,2006,Ecatepec,15033,Estado_de_Mexico,15,Parte_informativo_de_servicios,26,Servicio_de_inspeccion_seguridad_verificación_vigilancia_prevención_del_delito_y_combate_a_la_delincuencia,13,0,0,0,1,0,0,0,1,0,0,0,0,0,0,0
2,1/21/2007,2007,Tijuana,2004,Baja_California,2,Informe,15,Operativo_Mexico-Tijuana,7,0,0,4,1,0,0,0,1,0,0,0,0,0,1,0
3,02/02/2007,2007,Tlalnepantla,15104,Estado_de_Mexico,15,Parte_informativo_de_servicios,26,Enfrentamiento,4,0,0,0,1,0,0,0,1,0,0,0,0,0,0,0
4,3/14/2008,2008,Culiacan,25006,Sinaloa,25,Informe,15,Enfrentamiento,4,1,0,0,1,0,0,0,1,0,0,0,0,0,0,0
5,05/12/2008,2008,Cuernavaca,17007,Morelos,7,Acta_administrativa,10,Enfrentamiento,4,1,2,0,0,2,0,0,1,0,0,0,0,0,0,0
6,6/26/2008,2008,Tepic,18017,Nayarit,18,Tarjeta_relampago,35,Operativo_Nayarit,8,0,0,0,0,1,0,0,1,0,0,0,0,0,0,0
7,08/12/2008,2008,Mazatlan,25012,Sinaloa,25,Parte_informativo_de_servicios,26,Enfrentamiento,4,1,1,0,0,0,0,0,1,0,0,0,0,0,0,0
8,9/16/2008,2008,Matamoros,28022,Tamaulipas,28,Puesta_a_disposicion,28,Enfrentamiento,4,0,0,2,0,0,0,1,1,0,0,0,0,0,0,0
9,9/17/2008,2008,Aguascalientes,1001,Aguascalientes,1,Tarjeta_informativa_relampago,35,Enfrentamiento,4,1,2,0,0,0,0,0,1,0,0,0,0,0,0,0
10,9/23/2008,2008,Torreon,5035,Coahuila,5,Denuncia_de_hechos,13,Enfrentamiento,4,1,0,2,2,0,0,0,1,0,0,0,0,0,0,0
11,10/11/2008,2008,Tijuana,2004,Baja_California,2,Puesta_a_disposicion,28,Enfrentamiento,4,0,0,7,0,0,0,0,1,0,0,0,0,0,0,0
12,10/25/2008,2008,sin_informacion,sin_informacion,CDMX,9,Puesta_a_disposicion,28,Enfrentamiento,4,0,0,1,0,0,0,0,1,0,0,0,0,0,0,0
13,12/14/2008,2008,Mexico,2,CDMX,9,Puesta_a_disposicion,28,Enfrentamiento,4,1,0,7,0,0,0,0,1,0,0,0,0,0,0,0
14,3/24/2009,2009,Villa_Nicolas_Romero,15060,Estado_de_Mexico,15,Puesta_a_disposicion,28,Enfrentamiento,4,1,0,3,2,0,0,0,1,0,0,0,0,0,0,0
15,4/27/2009,2009,sin_informacion,sin_informacion,Zacatecas,32,Informe_y_puesta_a_disposicion,22,Operativo_conjunto,6,0,0,10,0,0,0,0,1,0,0,0,0,0,0,1
16,6/25/2009,2009,Chihuahua,8019,Chihuahua,8,Tarjeta_informativa,33,Operativo_por_informacion_proporcionada,9,0,2,0,0,0,0,0,1,0,0,0,0,0,0,0
17,07/11/2009,2009,Uruapan,16102,Michoacan,16,Parte_informativo_de_hechos,25,Agresion,2,3,0,0,0,0,0,0,1,0,0,0,0,0,0,0
18,07/11/2009,2009,Torreon,5035,Coahuila,5,Tarjeta_informativa,33,Emboscada,3,0,0,0,0,0,0,0,1,0,0,0,0,0,0,0
19,07/11/2009,2009,Torreon,5035,Coahuila,5,Tarjeta_informativa,33,Operativo,5,1,0,8,0,0,0,0,1,0,0,0,0,0,0,0
20,07/11/2009,2009,Morelia,16053,Michoacan,16,Tarjeta_informativa,33,Agresion,2,1,0,0,0,0,0,0,1,0,0,0,0,0,0,0
21,07/11/2009,2009,Morelia,16053,Michoacan,16,Tarjeta_informativa,33,Agresion,2,2,1,0,0,0,0,0,1,0,0,0,0,0,0,0
22,07/11/2009,2009,Morelia,16053,Michoacan,16,Tarjeta_informativa,33,Agresion,2,4,0,0,0,0,0,0,1,0,0,0,0,0,0,0
23,7/13/2009,2009,Veracruz,30193,Veracruz,30,Puesta_a_disposicion,28,Enfrentamiento,4,0,0,0,0,0,0,0,1,0,0,0,0,0,0,0
24,7/13/2009,2009,Morelia,16053,Michoacan,16,Tarjeta_informativa,33,Agresion,2,2,1,0,0,0,0,0,1,0,0,0,0,0,0,0
25,7/14/2009,2009,Mexico,2,CDMX,9,Informe,15,Enfrentamiento,4,0,0,1,0,0,0,0,1,0,0,0,0,0,0,1
26,7/14/2009,2009,Guadalupe,19026,Nuevo_Leon,19,Parte_policial,27,Enfrentamiento,4,4,0,0,0,1,1,0,1,0,0,0,0,0,0,0
27,7/14/2009,2009,Lazaro_Cardenas,16052,Michoacan,16,Tarjeta_informativa,33,Agresion,2,0,0,0,0,0,0,0,1,0,0,0,0,0,0,0
28,7/14/2009,2009,Lazaro_Cardenas,16052,Michoacan,16,Tarjeta_informativa,33,Enfrentamiento,4,1,0,0,0,1,0,0,1,0,0,0,0,0,0,0
29,7/14/2009,2009,Morelia,16053,Michoacan,16,Tarjeta_informativa,33,Agresion,2,2,1,0,0,0,0,0,1,0,0,0,0,0,0,0
30,7/15/2009,2009,Arteaga,16010,Michoacan,16,Parte_informativo,24,Enfrentamiento,4,0,0,0,0,0,0,0,1,0,0,0,0,0,0,0
31,7/15/2009,2009,Lazaro_Cardenas,16052,Michoacan,16,Tarjeta_informativa,33,Enfrentamiento,4,1,0,0,0,1,0,0,1,0,0,0,0,0,0,0
32,7/28/2009,2009,Saltillo,5030,Coahuila,5,Tarjeta_informativa,33,Enfrentamiento,4,3,0,0,0,0,0,0,1,0,0,0,0,0,0,0
33,10/11/2009,2009,Lazaro_Cardenas,16052,Michoacan,16,Tarjeta_informativa,33,Enfrentamiento,4,0,0,0,0,0,0,0,1,0,0,0,0,0,0,0
34,10/11/2009,2009,Lazaro_Cardenas,16052,Michoacan,16,Tarjeta_informativa,33,Enfrentamiento,4,0,0,0,0,0,0,0,1,0,0,0,0,0,0,0
35,12/10/2009,2009,Morelia,16053,Michoacan,16,Tarjeta_informativa,33,Enfrentamiento,4,3,0,0,4,1,1,0,1,0,0,0,0,0,0,0
36,12/11/2009,2009,Apatzingan,16006,Michoacan,16,Tarjeta_informativa,33,Enfrentamiento,4,15,6,0,0,4,0,0,1,0,0,0,0,0,0,0
37,1/26/2009,2009,Ciudad_Juarez,8037,Chihuahua,8,Tarjeta_informativa,33,Enfrentamiento,4,2,0,0,0,0,0,0,1,0,0,0,0,0,0,0
38,1/26/2010,2010,Gran_Morelos,8026,Chihuahua,8,Tarjeta_informativa,33,Enfrentamiento,4,2,0,4,0,0,0,0,1,0,0,0,0,0,0,0
39,1/26/2010,2010,Gran_Morelos,8026,Chihuahua,8,Tarjeta_informativa,33,Enfrentamiento,4,2,0,4,0,1,0,0,1,0,0,0,0,0,0,0
40,1/27/2010,2010,Gran_Morelos,8026,Chihuahua,8,Tarjeta_informativa,33,Enfrentamiento,4,0,0,4,0,0,0,0,1,0,0,0,0,0,0,0
41,1/29/2010,2010,Morelia,16053,Michoacan,16,Tarjeta_informativa,33,Agresion,2,5,4,0,0,0,0,0,1,0,0,0,0,0,0,0
42,2/13/2010,2010,Navolato ,25018,Sinaloa,25,Tarjeta_informativa,33,Enfrentamiento,4,0,0,1,0,0,0,0,1,0,0,0,0,0,0,0
43,2/18/2010,2010,Apatzingan,16006,Michoacan,16,Puesta_a_disposicion,28,Enfrentamiento,4,0,0,0,2,1,0,0,1,0,0,0,0,0,0,0
44,2/18/2010,2010,Apatzingan,16006,Michoacan,16,Tarjeta_informativa,33,Enfrentamiento,4,3,0,0,2,1,0,0,1,0,0,0,0,0,0,0
45,3/26/2010,2010,Ciudad_Juarez,8037,Chihuahua,8,Tarjeta_informativa,33,Agresion,2,3,1,0,0,1,0,0,1,0,0,0,0,0,0,0
46,04/05/2010,2010,Uruapan,16102,Michoacan,16,Informe,15,Enfrentamiento,4,0,0,0,1,0,0,0,1,0,0,0,0,0,0,0
47,04/05/2010,2010,Uruapan,16102,Michoacan,16,Informe,15,Enfrentamiento,4,0,0,1,0,0,0,0,1,0,0,0,0,0,0,0
48,04/05/2010,2010,Uruapan,16102,Michoacan,16,Tarjeta_informativa,33,Enfrentamiento,4,0,0,0,1,0,0,0,1,0,0,0,0,0,0,0
49,04/11/2010,2010,Tepic,18017,Nayarit,18,Tarjeta_informativa,33,Enfrentamiento,4,2,1,6,0,2,0,0,1,0,0,0,0,0,0,0
50,4/13/2010,2010,Tepic,18017,Nayarit,18,Puesta_a_disposicion,28,Enfrentamiento,4,1,1,7,0,2,0,0,1,0,0,0,0,0,0,0
51,5/13/2010,2010,Reynosa,28032,Tamaulipas,28,Tarjeta_informativa,33,Enfrentamiento,4,0,0,0,0,0,0,0,1,0,0,0,0,0,0,0
52,5/22/2010,2010,Gomez_Palacio,10007,Durango,10,Informe,15,Enfrentamiento,4,0,0,1,0,0,0,0,1,0,0,0,0,0,0,0
53,06/03/2010,2010,Nuevo_Laredo,28027,Tamaulipas,28,Puesta_a_disposicion,28,Enfrentamiento,4,0,0,4,2,1,0,0,1,0,0,0,0,0,0,0
54,6/28/2010,2010,Matamoros,28022,Tamaulipas,28,Informe,15,Enfrentamiento,4,1,0,1,0,0,0,0,1,0,0,0,0,0,0,0
55,07/11/2010,2010,Culiacan,25006,Sinaloa,25,Tarjeta_informativa,33,Enfrentamiento,4,0,0,0,0,0,0,0,1,0,0,0,0,0,0,0
56,07/11/2010,2010,Ciudad_Juarez,8037,Chihuahua,8,Tarjeta_informativa,33,Enfrentamiento,4,0,0,0,0,0,0,0,1,0,0,0,0,0,0,0
57,7/14/2010,2010,Miguel_Aleman,28025,Tamaulipas,28,Tarjeta_informativa,33,Enfrentamiento,4,0,0,0,0,0,0,0,1,0,0,0,0,0,0,0
58,7/31/2010,2010,Cuauhtemoc,8017,Chihuahua,8,Informe,15,Enfrentamiento,4,0,0,3,0,2,0,0,1,0,0,0,0,0,0,0
59,08/11/2010,2010,Tampico,28038,Tamaulipas,28,Tarjeta_informativa,33,Enfrentamiento,4,1,0,9,0,0,0,0,1,0,0,0,0,0,0,0
60,8/16/2010,2010,Matamoros,28022,Tamaulipas,28,Tarjeta_informativa,33,Enfrentamiento,4,1,0,0,0,0,0,0,1,0,0,0,0,0,0,0
61,8/29/2010,2010,Ciudad_Juarez,8037,Chihuahua,8,Informe,15,Persecusion,12,4,0,0,0,0,0,0,1,0,0,0,0,0,0,0
62,9/22/2010,2010,Ciudad_Victoria,28041,Tamaulipas,28,Puesta_a_disposicion,28,Enfrentamiento,4,0,0,1,0,1,0,0,1,0,0,0,0,0,0,0
63,10/06/2010,2010,Apatzingan,16006,Michoacan,16,Tarjeta_informativa_extraurgente,34,Enfrentamiento,4,18,1,1,0,0,0,0,1,0,0,0,0,0,0,0
64,10/06/2010,2010,Ciudad_Juarez,8037,Chihuahua,8,Tarjeta_informativa,33,Agresion,2,0,0,0,0,0,0,0,1,0,0,0,0,0,0,0
65,10/16/2010,2010,San_Luis_Potosi,24028,San_Luis_Potosi,24,Parte_informativo,24,Agresion,2,8,0,0,0,0,0,0,1,0,0,0,0,0,0,0
66,10/26/2010,2010,Reynosa,28032,Tamaulipas,28,Tarjeta_informativa,33,Enfrentamiento,4,0,0,0,0,1,0,0,1,0,0,0,0,0,0,0
67,10/26/2010,2010,Reynosa,28032,Tamaulipas,28,Tarjeta_informativa,33,Enfrentamiento,4,0,0,0,0,1,0,0,1,0,0,0,0,0,0,0
68,10/30/2010,2010,Ciudad_Juarez,8037,Chihuahua,8,Tarjeta_informativa,33,Enfrentamiento,4,0,0,2,0,0,2,0,1,0,0,0,0,0,0,0
69,11/06/2010,2010,Patzcuaro,16066,Michoacan,16,Informe_y_puesta_a_disposicion,22,Enfrentamiento,4,0,0,2,1,0,0,0,1,0,0,0,0,0,0,0
70,11/08/2010,2010,sin_informacion,sin_informacion,sin_informacion,sin_informacion,Puesta_a_disposicion,28,Enfrentamiento,4,0,0,3,0,0,0,0,1,0,0,0,0,0,0,0
71,11/10/2010,2010,Ciudad_Juarez,8037,Chihuahua,8,Tarjeta_informativa,33,Enfrentamiento,4,0,0,2,0,0,2,0,1,0,0,0,0,0,0,0
72,11/29/2010,2010,Mexico,2,CDMX,9,Tarjeta_informativa,33,sin_informacion,14,0,0,0,0,0,0,0,1,0,0,0,0,0,0,0
73,11/29/2010,2010,Matamoros,28022,Tamaulipas,28,Tarjeta_informativa,33,sin_informacion,14,1,0,4,1,0,0,0,1,0,0,0,0,0,0,0
74,11/29/2010,2010,Reynosa,28032,Tamaulipas,28,Tarjeta_informativa,33,sin_informacion,14,4,0,0,0,0,0,0,1,0,0,0,0,0,0,0
75,12/01/2010,2010,Matamoros,28022,Tamaulipas,28,Tarjeta_informativa,33,sin_informacion,14,0,0,0,0,2,0,0,1,0,0,0,0,0,0,0
76,12/09/2010,2010,Uruapan,16102,Michoacan,16,Informe,15,sin_informacion,14,10,3,0,0,0,0,0,1,0,0,0,0,0,0,0
77,12/09/2010,2010,Lazaro_Cardenas,16052,Michoacan,16,Tarjeta_informativa,33,sin_informacion,14,6,2,0,0,0,0,0,1,0,0,0,0,0,0,0
78,12/09/2010,2010,Nueva_Italia,16055,Michoacan,16,Tarjeta_informativa,33,sin_informacion,14,0,0,0,0,0,0,0,1,0,0,0,0,0,0,0
79,12/09/2010,2010,sin_informacion,sin_informacion,Michoacan,16,Tarjeta_informativa,33,sin_informacion,14,11,3,0,0,0,0,0,1,0,0,0,0,0,0,0
80,12/10/2010,2010,Apatzingan,16006,Michoacan,16,Declaracion_ministerial,12,sin_informacion,14,0,0,0,0,0,0,0,1,0,0,0,0,0,0,0
81,12/10/2010,2010,Lazaro_Cardenas,16052,Michoacan,16,Tarjeta_informativa,33,sin_informacion,14,10,3,0,0,0,0,0,1,0,0,0,0,0,0,0
82,12/17/2010,2010,Lazaro_Cardenas,16052,Michoacan,16,Tarjeta_informativa,33,sin_informacion,14,1,1,0,0,0,0,0,1,0,0,0,0,0,0,0
83,12/21/2010,2010,Ciudad_Aleman,28025,Veracruz,30,Tarjeta_informativa,33,Enfrentamiento,4,0,0,0,0,0,0,0,1,0,0,0,0,0,0,0
84,12/29/2010,2010,Durango,10005,Durango,10,Puesta_a_disposicion,28,Enfrentamiento,4,0,1,12,0,0,0,0,1,0,0,0,0,0,0,0
85,01/04/2011,2011,Ciudad_Juarez,8037,Chihuahua,8,Informe,15,Enfrentamiento,4,0,0,2,0,0,0,0,1,0,0,0,0,0,0,0
86,01/05/2011,2011,Monterrey,19039,Nuevo_Leon,19,Tarjeta_informativa,33,Agresion,2,2,0,3,0,0,0,0,1,0,0,0,0,0,0,0
87,01/12/2011,2011,Ciudad_Juarez,8037,Chihuahua,8,Tarjeta_informativa,33,Patrullaje,10,0,0,1,0,0,0,0,1,0,0,0,0,0,0,0
88,1/19/2011,2011,Poza_Rica,30131,Veracruz,30,Tarjeta_informativa,33,Enfrentamiento,4,2,0,0,0,0,0,0,1,0,0,0,0,0,0,0
89,2/20/2011,2011,Ciudad_Victoria,28041,Tamaulipas,28,Parte_informativo,24,Enfrentamiento,4,3,0,0,0,0,0,0,1,0,0,0,0,0,0,0
90,3/13/2011,2011,Lazaro_Cardenas,16052,Michoacan,16,Tarjeta_informativa,33,Enfrentamiento,4,0,0,3,2,0,0,0,1,0,0,0,0,0,0,0
91,3/28/2011,2011,Ciudad_Juarez,8037,Chihuahua,8,Tarjeta_informativa,33,Enfrentamiento,4,0,0,3,0,1,0,0,1,0,0,0,0,0,0,0
92,04/01/2011,2011,Reynosa,28032,Tamaulipas,28,Tarjeta_informativa,33,Enfrentamiento,4,2,0,0,0,4,0,0,1,0,0,0,0,0,0,0
93,04/02/2011,2011,Arizpe,5027,Coahuila,5,Tarjeta_informativa,33,Enfrentamiento,4,0,0,5,0,3,0,0,1,0,0,0,0,0,0,0
94,4/13/2011,2011,Reynosa,28032,Tamaulipas,28,Tarjeta_informativa,33,Enfrentamiento,4,0,0,3,0,0,0,0,1,0,0,0,0,0,0,0
95,4/18/2011,2011,Reynosa,28032,Tamaulipas,28,Tarjeta_informativa,33,Enfrentamiento,4,0,0,0,0,4,0,0,1,0,0,0,0,0,0,0
96,05/05/2011,2011,Monterrey,19039,Nuevo_Leon,19,Tarjeta_informativa,33,Agresion,2,2,0,0,0,0,0,0,1,0,0,0,0,0,0,0
97,05/07/2011,2011,Nuevo_Laredo,28027,Tamaulipas,28,Puesta_a_disposicion,28,Enfrentamiento,4,0,0,2,0,0,0,0,1,0,0,0,0,0,0,0
98,5/22/2011,2011,Cadereyta,19009,Nuevo_Leon,19,Tarjeta_informativa,33,Enfrentamiento,4,0,0,1,0,0,0,0,1,0,0,0,0,0,0,0
99,5/27/2011,2011,Chihuahua,8019,Chihuahua,8,Tarjeta_informativa,33,Enfrentamiento,4,1,1,0,0,0,0,0,1,0,0,0,0,0,0,0
100,5/28/2011,2011,sin_informacion,sin_informacion,sin_informacion,sin_informacion,Parte_informativo,24,Enfrentamiento,4,1,0,1,0,0,0,0,1,0,0,0,0,0,0,0
101,5/28/2011,2011,Jilotlan_de_los _Dolores,14049,Michoacan,16,Tarjeta_informativa,33,Enfrentamiento,4,1,0,36,0,6,0,0,1,0,0,0,0,0,0,0
102,6/19/2011,2011,La_Piedad,16069,Michoacan,16,Tarjeta_informativa,33,Enfrentamiento,4,0,0,0,0,0,0,0,1,0,0,0,0,0,0,0
103,6/29/2011,2011,Monterrey,19039,Nuevo_Leon,19,Tarjeta_informativa,33,Enfrentamiento,4,0,0,0,0,0,0,0,1,0,0,0,0,0,0,0
104,07/06/2011,2011,Fresnillo,32010,Zacatecas,32,Tarjeta_informativa,33,Enfrentamiento,4,0,0,0,0,2,0,0,1,0,0,0,0,0,0,0
105,7/19/2011,2011,Saltillo,5030,Coahuila,5,Puesta_a_disposicion,28,Enfrentamiento,4,0,0,2,0,1,0,0,1,0,0,0,0,0,0,0
106,08/01/2011,2011,Uruapan,16102,Michoacan,16,Tarjeta_informativa,33,Enfrentamiento,4,0,0,0,0,5,0,0,1,0,0,0,0,0,0,0
107,08/05/2011,2011,Montemorelos,19038,Nuevo_Leon,19,Tarjeta_informativa,33,Agresion,2,3,0,0,0,0,0,0,1,0,0,0,0,0,0,0
108,8/17/2011,2011,Lazaro_Cardenas,16052,Michoacan,16,Parte_policial,27,Enfrentamiento,4,1,0,0,0,1,0,0,1,0,0,0,0,0,0,0
109,8/27/2011,2011,sin_informacion,sin_informacion,sin_informacion,sin_informacion,Tarjeta_informativa,33,Enfrentamiento,4,2,0,2,0,0,0,0,1,0,0,0,0,0,0,0
110,8/28/2011,2011,Culiacan,25006,Sinaloa,25,Tarjeta_informativa,33,Enfrentamiento,4,0,0,1,1,0,0,0,1,0,0,0,0,0,0,0
111,9/13/2011,2011,Ciudad_Madero,28009,Tamaulipas,28,Parte_informativo,24,Enfrentamiento,4,0,0,1,0,2,0,0,1,0,0,0,0,0,0,0
112,10/07/2011,2011,Cananea,26019,Sonora,26,Informe,15,Enfrentamiento,4,0,0,3,1,0,0,0,1,0,0,0,0,0,0,0
113,11/26/2011,2011,Zacatepec,17031,Puebla,17,Tarjeta_informativa,33,Enfrentamiento,4,1,1,0,0,0,0,0,1,0,0,0,0,0,0,0
114,12/26/2011,2011,Nuevo_Laredo,28027,Tamaulipas,28,Tarjeta_informativa,33,Enfrentamiento,4,0,0,1,0,0,0,0,1,0,0,0,0,0,0,0
120,1/16/2012,2012,Temixco,17018,Morelos,17,Tarjeta_informativa,33,Enfrentamiento,4,0,0,1,0,7,0,0,1,0,0,0,0,0,0,0
121,02/01/2012,2012,Ciudad_Victoria,28041,Tamaulipas,28,Tarjeta_informativa,33,Enfrentamiento,4,0,0,0,0,2,0,0,1,0,0,0,0,0,0,0
122,02/01/2012,2012,Ciudad_Victoria,28041,Tamaulipas,28,Tarjeta_informativa,33,Enfrentamiento,4,2,0,0,0,2,0,0,1,0,0,0,0,0,0,0
123,02/07/2012,2012,Guadalupe,32017,Zacatecas,32,Parte_informativo,24,Enfrentamiento,4,1,0,0,0,1,0,0,1,0,0,0,0,0,0,0
124,02/07/2012,2012,Zacatecas,32056,Zacatecas,32,Tarjeta_informativa,33,Enfrentamiento,4,1,0,0,0,1,0,0,1,0,0,0,0,0,0,0
125,2/21/2012,2012,Trujillo,32010,Zacatecas,32,Tarjeta_informativa,33,Enfrentamiento,4,0,0,0,0,7,0,0,1,0,0,0,0,0,0,0
126,2/25/2012,2012,Zinapecuaro,16110,Michoacan,16,Tarjeta_informativa,33,Enfrentamiento,4,0,0,1,0,1,0,0,1,0,0,0,0,0,0,0
127,03/08/2012,2012,Tlalchapa,12064,Guerrero,12,Tarjeta_informativa,33,Enfrentamiento,4,0,0,0,0,1,0,0,1,0,0,0,0,0,0,0
128,03/10/2010,2010,Arcelia,12007,Guerrero,12,Tarjeta_informativa,33,Enfrentamiento,4,0,0,0,0,1,0,0,1,0,0,0,0,0,0,0
129,03/11/2012,2012,Tlalchapa,12064,Guerrero,12,Tarjeta_informativa,33,Enfrentamiento,4,1,0,0,0,0,0,0,1,0,0,0,0,0,0,0
130,03/12/2010,2010,Coatzacoalcos ,30039,Veracruz,30,Tarjeta_informativa,33,Enfrentamiento,4,0,0,0,0,1,0,0,1,0,0,0,0,0,0,0
131,4/14/2012,2012,Uruapan,16102,Michoacan,16,Tarjeta_informativa,33,Persecusion,12,0,0,2,0,0,0,0,1,0,0,0,0,0,0,0
132,4/29/2012,2012,Iztapalapa,9007,CDMX,9,Informe,15,Enfrentamiento,4,0,0,3,3,1,0,0,1,0,0,0,0,0,0,0
133,4/29/2012,2012,Saltillo,5030,Coahuila,5,Tarjeta_relampago,35,Enfrentamiento,4,0,0,0,1,1,0,0,1,0,0,0,0,0,0,0
134,05/08/2012,2012,Orizaba,30118,Veracruz,30,Tarjeta_informativa,33,Enfrentamiento,4,0,0,0,0,1,0,0,1,0,0,0,0,0,0,0
135,5/16/2012,2012,sin_informacion,sin_informacion,Zacatecas,32,Tarjeta_informativa,33,Enfrentamiento,4,2,0,0,2,0,1,0,1,0,0,0,0,0,0,0
136,07/02/2012,2012,Acapulco,12001,Guerrero,12,Tarjeta_informativa,33,Enfrentamiento,4,0,0,5,0,0,0,0,1,0,0,0,0,0,0,0
137,7/22/2012,2012,Sabinas_Hidalgo,19044,Nuevo_Leon,19,Tarjeta_relampago,35,Enfrentamiento,4,0,0,0,0,0,0,0,1,0,0,0,0,0,0,0
138,08/09/2012,2012,San_Luis_Potosi,24028,San_Luis_Potosi,24,Tarjeta_informativa,33,Enfrentamiento,4,4,0,4,0,2,0,0,1,0,0,0,0,0,0,0
139,8/13/2012,2012,Torreon,5035,Coahuila,5,Tarjeta_informativa,33,Agresion,2,1,1,0,0,0,0,0,1,0,0,0,0,0,0,0
140,8/14/2012,2012,Torreon,5035,Coahuila,5,Tarjeta_informativa,33,Agresion,2,1,1,0,0,0,0,0,1,0,0,0,0,0,0,0
141,8/14/2012,2012,Torreon,5035,Coahuila,5,Tarjeta_informativa,33,Agresion,2,2,1,0,0,0,0,0,1,0,0,0,0,0,0,0
142,8/17/2012,2012,Ciudad_Victoria,28041,Tamaulipas,28,Tarjeta_informativa,33,Enfrentamiento,4,0,0,0,0,1,0,0,1,0,0,0,0,0,0,0
143,8/22/2012,2012,Torreon,5035,Coahuila,5,Tarjeta_informativa,33,Enfrentamiento,4,0,0,4,1,0,0,0,1,0,0,0,0,0,0,0
144,8/30/2012,2012,Guadalupe,32017,Zacatecas,32,Tarjeta_informativa,33,Enfrentamiento,4,2,0,0,0,4,0,0,1,0,0,0,0,0,0,0
145,10/04/2012,2012,Ciudad_Victoria,28041,Tamaulipas,28,Tarjeta_informativa,33,Enfrentamiento,4,0,0,0,0,0,0,0,1,0,0,0,0,0,0,0
146,10/12/2012,2012,Matamoros,28022,Tamaulipas,28,Tarjeta_informativa,33,Enfrentamiento,4,0,0,0,0,0,0,0,1,0,0,0,0,0,0,0
147,10/16/2012,2012,Torreon,5035,Coahuila,5,Tarjeta_informativa,33,Agresion,2,2,0,0,0,0,0,0,1,0,0,0,0,0,0,0
148,10/25/2012,2012,Saltillo,5030,Coahuila,5,Tarjeta_informativa,33,Agresion,2,2,1,0,0,0,0,0,1,0,0,0,0,0,0,0
149,11/05/2012,2012,Torreon,5035,Coahuila,5,Tarjeta_informativa,33,Enfrentamiento,4,0,0,0,0,0,1,0,1,0,0,0,0,0,0,0
150,11/07/2012,2012,Torreon,5035,Coahuila,5,Tarjeta_informativa,33,Agresion,2,0,0,0,0,0,0,0,1,0,0,0,0,0,0,0
151,11/12/2012,2012,Torreon,5035,Coahuila,5,Tarjeta_informativa,33,Agresion,2,2,0,0,0,0,0,0,1,0,0,0,0,0,0,0
152,11/21/2012,2012,Torreon,5035,Coahuila,5,Tarjeta_informativa,33,Agresion,2,1,0,0,0,0,0,0,1,0,0,0,0,0,0,0
153,12/02/2012,2012,Zacatecas,32056,Zacatecas,32,Tarjeta_informativa,33,Enfrentamiento,4,1,0,3,0,0,0,0,1,0,0,0,0,0,0,0
154,12/07/2012,2012,Torreon,5035,Coahuila,5,Tarjeta_informativa,33,Enfrentamiento,4,0,0,0,0,0,0,0,1,0,0,0,0,0,0,0
155,12/10/2012,2012,Gomez_Palacio,10007,Durango,10,Tarjeta_informativa,33,Agresion,2,1,0,0,0,0,0,0,1,0,0,0,0,0,0,0
156,12/11/2012,2012,Gomez_Palacio,10007,Durango,10,Tarjeta_informativa,33,Agresion,2,1,0,0,0,0,0,0,1,0,0,0,0,0,0,0
157,12/21/2012,2012,Chihuahua,8019,Chihuahua,8,Tarjeta_informativa,33,Enfrentamiento,4,0,0,0,2,0,0,0,1,0,0,0,0,0,0,0
158,01/07/2013,2013,Guadalupe,32017,Zacatecas,32,Tarjeta_informativa,33,Enfrentamiento,4,0,0,0,0,3,0,0,1,0,0,0,0,0,0,0
159,1/17/2013,2013,Agua_Prieta,26002,Sonora,26,Tarjeta_informativa,33,Agresion,2,0,0,0,0,0,0,0,1,0,0,0,0,0,0,0
160,1/19/2013,2013,Torreon,5035,Coahuila,5,Tarjeta_informativa,33,Agresion,2,1,0,0,0,0,0,0,1,0,0,0,0,0,0,0
161,3/14/2013,2013,Matamoros,28022,Tamaulipas,28,Tarjeta_informativa,33,Enfrentamiento,4,0,0,0,0,0,0,0,1,0,0,0,0,0,0,0
162,3/16/2013,2013,Culiacan,25006,Sinaloa,25,Tarjeta_informativa,33,Enfrentamiento,4,0,0,1,1,0,0,0,1,0,0,0,0,0,0,0
163,3/17/2013,2013,San_Fernando,28035,Tamaulipas,28,Tarjeta_informativa,33,Enfrentamiento,4,0,0,0,0,2,0,0,1,0,0,0,0,0,0,0
164,3/19/2013,2013,Monclova,5018,Coahuila,5,Tarjeta_informativa,33,Enfrentamiento,4,1,1,0,0,0,0,0,1,0,0,0,0,0,0,0
165,3/22/2013,2013,Ciudad_Victoria,28041,Tamaulipas,28,Tarjeta_informativa,33,Enfrentamiento,4,0,0,0,0,0,0,0,1,0,0,0,0,0,0,0
166,3/23/2013,2013,Uruapan,16102,Michoacan,16,Tarjeta_informativa,33,Enfrentamiento,4,2,0,0,0,0,0,0,1,0,0,0,0,0,0,0
167,4/13/2013,2013,Reynosa,28032,Tamaulipas,28,Tarjeta_informativa,33,Enfrentamiento,4,0,0,0,0,0,0,0,1,0,0,0,0,0,0,0
168,4/20/2013,2013,Villa_de_Cos,32051,Zacatecas,32,Tarjeta_informativa,33,Enfrentamiento,4,0,0,0,0,2,1,0,1,0,0,0,0,0,0,0
169,4/23/2013,2013,sin_informacion,sin_informacion,San_Luis_Potosi,24,Tarjeta_informativa,33,Agresion,2,0,0,6,0,0,0,0,1,0,0,0,0,0,0,0
170,06/01/2013,2013,Ciudad_Victoria,28041,Tamaulipas,28,Tarjeta_informativa,33,Enfrentamiento,4,0,0,1,0,0,0,0,1,0,0,0,0,0,0,0
171,06/01/2013,2013,Santander_de_Jimenez,28018,Tamaulipas,28,Tarjeta_informativa,33,Enfrentamiento,4,0,0,0,0,0,0,0,1,0,0,0,0,0,0,0
172,07/04/2013,2013,China,19013,Nuevo_Leon,19,Informe,15,Enfrentamiento,4,0,0,0,0,0,0,0,1,0,0,0,0,0,0,0
173,7/23/2013,2013,Lazaro_Cardenas,16052,Michoacan,16,Tarjeta_informativa,33,Enfrentamiento,4,0,1,0,0,0,0,0,1,0,0,0,0,0,0,0
174,7/24/2013,2013,Aguililla,16002,Michoacan,16,Tarjeta_informativa,33,Enfrentamiento,4,0,0,0,0,0,0,0,1,0,0,0,0,0,0,0
175,7/31/2013,2013,Guadalupe,32017,Zacatecas,32,Tarjeta_informativa,33,Enfrentamiento,4,0,0,3,0,3,0,0,1,0,0,0,0,0,0,0
176,8/24/2013,2013,Aguililla,16002,Michoacan,16,Tarjeta_informativa,33,Enfrentamiento,4,1,0,0,0,0,1,0,1,0,0,0,0,0,0,0
177,09/04/2013,2013,Aguascalientes,1001,Aguascalientes,1,Tarjeta_informativa,33,Enfrentamiento,4,1,0,1,0,0,0,0,1,0,0,0,0,0,0,0
178,9/15/2013,2013,Oaxaca,20067,Oaxaca,20,Tarjeta_informativa,33,Enfrentamiento,4,0,0,0,0,0,0,0,1,0,0,0,0,0,0,0
179,9/15/2013,2013,San_Juan_Bautista_Tuxtepec,20184,Oaxaca,20,Tarjeta_informativa,33,Enfrentamiento,4,1,1,1,1,0,0,0,1,0,0,0,0,0,0,0
180,9/21/2013,2013,Culiacan,25006,Sinaloa,25,Tarjeta_informativa,33,Enfrentamiento,4,0,1,0,0,0,0,0,1,0,0,0,0,0,0,0
181,9/21/2013,2013,Villa_Victoria,15114,Michoacan,16,Tarjeta_informativa,33,Enfrentamiento,4,0,1,0,0,0,0,0,1,0,0,0,0,0,0,0
182,10/04/2013,2013,La_Piedad,16069,Michoacan,16,Tarjeta_informativa,33,Agresion,2,2,0,0,0,0,0,0,1,0,0,0,0,0,0,0
183,11/12/2013,2013,Mazatlan,25012,Sinaloa,25,Tarjeta_informativa,33,Enfrentamiento,4,0,0,1,0,0,0,0,1,0,0,0,0,0,0,0
184,11/17/2013,2013,Nuevo_Laredo,28027,Tamaulipas,28,Tarjeta_informativa,33,Enfrentamiento,4,0,0,2,0,1,0,0,1,0,0,0,0,0,0,0
185,11/25/2013,2013,Escobedo,19021,Nuevo_Leon,19,Tarjeta_informativa,33,Enfrentamiento,4,3,0,0,0,0,0,0,1,0,0,0,0,0,0,0
186,01/03/2014,2014,Santander_de_Jimenez,28018,Tamaulipas,28,Tarjeta_informativa,33,Enfrentamiento,4,0,0,0,0,0,0,0,1,0,0,0,0,0,0,0
187,3/16/2014,2014,Ciudad_Victoria,28041,Tamaulipas,28,Tarjeta_informativa,33,Enfrentamiento,4,1,0,0,0,0,0,0,1,0,0,0,0,0,0,0
188,04/01/2014,2014,Ciudad_Victoria,28041,Tamaulipas,28,Tarjeta_informativa,33,Enfrentamiento,4,0,1,0,0,0,0,0,1,0,0,0,0,0,0,0
189,4/14/2014,2014,Ciudad_Victoria,28041,Tamaulipas,28,Informe,15,Enfrentamiento,4,0,0,0,0,0,0,0,1,0,0,0,0,0,0,0
190,4/25/2014,2014,Ciudad_Victoria,28041,Tamaulipas,28,Informe,15,Enfrentamiento,4,0,0,0,0,0,0,0,1,0,0,0,0,0,0,0
191,05/05/2014,2014,Reynosa,28032,Tamaulipas,28,Tarjeta_informativa,33,Enfrentamiento,4,1,0,0,0,4,0,0,1,0,0,0,0,0,0,0
192,05/09/2014,2014,Matamoros,28022,Tamaulipas,28,Tarjeta_informativa,33,Enfrentamiento,4,0,0,4,0,0,0,0,1,0,0,0,0,0,0,0
193,05/12/2014,2014,Hidalgo,28016,Tamaulipas,28,Tarjeta_informativa,33,Enfrentamiento,4,0,0,0,0,0,0,0,1,0,0,0,0,0,0,0
194,5/16/2014,2014,Matamoros,28022,Tamaulipas,28,Tarjeta_informativa,33,Enfrentamiento,4,0,0,0,0,1,0,0,1,0,0,0,0,0,0,0
195,5/17/2014,2014,Ciudad_Victoria,28041,Tamaulipas,28,Tarjeta_informativa,33,Enfrentamiento,4,0,0,0,0,0,0,0,1,0,0,0,0,0,0,0
196,5/19/2014,2014,Reynosa,28032,Tamaulipas,28,Tarjeta_informativa,33,Enfrentamiento,4,0,0,1,0,0,0,0,1,0,1,0,0,0,0,0
197,5/19/2014,2014,Reynosa,28032,Tamaulipas,28,Tarjeta_informativa,33,Enfrentamiento,4,0,0,3,1,0,0,0,1,0,1,0,0,0,0,0
198,5/26/2014,2014,Altamira,28003,Tamaulipas,28,Tarjeta_informativa,33,Enfrentamiento,4,0,0,0,0,0,0,0,1,0,0,0,0,0,0,0
199,06/05/2014,2014,Tampico,28038,Tamaulipas,28,Tarjeta_informativa,33,Enfrentamiento,4,1,0,0,0,1,1,0,1,0,0,0,0,0,0,0
200,6/13/2014,2014,Tumbiscatio,16096,Michoacan,16,Tarjeta_informativa,33,Enfrentamiento,4,3,0,1,1,0,0,0,1,0,0,0,0,0,0,0
201,6/14/2014,2014,Tampico,28038,Tamaulipas,28,Tarjeta_informativa,33,Enfrentamiento,4,4,0,0,2,0,0,0,1,0,0,0,0,0,0,0
202,6/29/2014,2014,Ciudad_Victoria,28041,Tamaulipas,28,Tarjeta_informativa,33,Enfrentamiento,4,0,1,0,0,2,0,0,1,0,0,0,0,0,0,0
203,7/14/2014,2014,Reynosa,28032,Tamaulipas,28,Tarjeta_informativa,33,Agresion,2,0,0,1,0,0,0,0,1,0,0,0,0,0,0,0
204,7/15/2014,2014,Ciudad_Victoria,28041,Tamaulipas,28,Tarjeta_informativa,33,Enfrentamiento,4,0,0,0,0,0,0,0,1,0,0,0,0,0,0,0
205,7/22/2014,2014,Valle_Hermoso,28040,Tamaulipas,28,Tarjeta_informativa,33,Enfrentamiento,4,0,0,2,0,1,0,0,1,0,0,0,0,0,0,0
206,7/22/2014,2014,Valle_Hermoso,28040,Tamaulipas,28,Tarjeta_informativa,33,Enfrentamiento,4,0,0,2,0,2,0,0,1,0,1,0,0,0,0,0
207,7/23/2014,2014,Valle_Hermoso,28040,Tamaulipas,28,Tarjeta_informativa,33,Enfrentamiento,4,0,0,2,0,2,0,0,1,1,1,1,1,1,1,1
208,7/27/2014,2014,Reynosa,28032,Tamaulipas,28,Tarjeta_informativa,33,Patrullaje_Enfrentamiento,11,1,0,3,0,0,0,0,1,0,0,0,0,0,0,0
209,9/15/2014,2014,Reynosa,28032,Tamaulipas,28,Tarjeta_informativa,33,Enfrentamiento,4,0,0,0,0,2,0,0,1,0,0,0,0,0,0,0
210,9/16/2014,2014,Reynosa,28032,Tamaulipas,28,Tarjeta_informativa,33,Enfrentamiento,4,0,0,0,0,2,0,0,1,0,0,0,0,0,0,0
211,9/30/2014,2014,Reynosa,28032,Tamaulipas,28,Tarjeta_informativa,33,Enfrentamiento,4,0,0,0,1,1,0,0,1,0,0,0,0,0,0,0
212,9/30/2014,2014,sin_informacion,sin_informacion,sin_informacion,sin_informacion,Tarjeta_informativa,33,Enfrentamiento,4,1,0,0,1,1,0,0,1,0,0,0,0,0,0,0
213,10/21/2014,2014,Ciudad_Victoria,28041,Tamaulipas,28,Tarjeta_informativa,33,Enfrentamiento,4,0,0,0,0,3,0,0,1,0,0,0,0,0,0,0
214,10/22/2014,2014,sin_informacion,sin_informacion,Tamaulipas,28,Tarjeta_informativa,33,Enfrentamiento,4,0,0,0,0,4,0,0,1,1,1,1,1,1,1,1
215,10/22/2014,2014,sin_informacion,sin_informacion,Tamaulipas,28,Tarjeta_informativa,33,Enfrentamiento,4,0,0,0,0,4,0,0,1,1,1,1,1,1,1,1
216,10/28/2014,2014,Altamira,28003,Tamaulipas,28,Tarjeta_informativa,33,Enfrentamiento,4,0,0,0,0,0,0,0,1,0,0,0,0,0,0,0
217,11/22/2014,2014,Reynosa,28032,Tamaulipas,28,Tarjeta_informativa,33,Enfrentamiento,4,0,0,2,0,1,0,0,1,0,0,0,0,0,0,0
218,11/22/2014,2014,Nuevo_Laredo,28027,Tamaulipas,28,Tarjeta_informativa,33,Agresion,2,1,0,0,0,0,0,0,1,0,0,0,0,0,0,0
219,11/23/2014,2014,sin_informacion,sin_informacion,sin_informacion,sin_informacion,Tarjeta_informativa,33,Enfrentamiento,4,0,0,2,0,1,0,0,1,0,0,0,0,0,0,0
220,12/16/2014,2014,La_Ruana,16012,Michoacan,16,Tarjeta_informativa,33,Enfrentamiento,4,2,0,0,0,0,0,0,1,0,0,0,0,0,0,0
221,01/10/2015,2015,Ciudad_Victoria,28041,Tamaulipas,28,Tarjeta_informativa,33,Enfrentamiento,4,0,0,0,0,0,0,0,1,0,0,0,0,0,0,0
222,01/11/2015,2015,Tijuana ,2004,Baja_California,2,Tarjeta_informativa,33,Enfrentamiento,4,2,0,0,0,1,0,0,1,0,0,0,0,0,0,0
223,1/19/2015,2015,Reynosa,28032,Tamaulipas,28,Tarjeta_informativa,33,Enfrentamiento,4,0,0,0,0,0,0,0,1,0,0,0,0,0,0,0
224,02/11/2015,2015,Reynosa,28032,Tamaulipas,28,Tarjeta_informativa,33,Enfrentamiento,4,2,0,0,0,0,0,0,1,0,0,0,0,0,0,0
225,02/11/2015,2015,Reynosa,28032,Tamaulipas,28,Tarjeta_informativa,33,Enfrentamiento,4,2,0,0,0,4,0,0,1,0,0,0,0,0,0,0
226,02/11/2015,2015,Matamoros,28022,Tamaulipas,28,Tarjeta_informativa,33,Enfrentamiento,4,0,0,0,0,0,0,0,1,0,0,0,0,0,0,0
227,02/12/2015,2015,Reynosa,28032,Tamaulipas,28,Tarjeta_informativa,33,Enfrentamiento,4,0,0,0,0,2,0,0,1,0,0,0,0,0,0,0
228,2/18/2015,2015,Ciudad_Victoria,28041,Tamaulipas,28,Tarjeta_informativa,33,Enfrentamiento,4,0,0,0,0,0,0,0,1,0,0,0,0,0,0,0
229,2/21/2015,2015,sin_informacion,sin_informacion,Tamaulipas,28,Tarjeta_informativa,33,Enfrentamiento,4,0,0,0,0,0,0,0,1,0,0,0,0,0,0,0
230,2/22/2015,2015,sin_informacion,sin_informacion,sin_informacion,sin_informacion,Tarjeta_informativa,33,Enfrentamiento,4,1,1,0,0,0,0,0,1,0,0,0,0,0,0,0
231,03/05/2015,2015,Nuevo_Laredo,28027,Tamaulipas,28,Tarjeta_informativa,33,Enfrentamiento,4,1,0,0,0,0,0,0,1,0,0,0,0,0,0,0
232,3/19/2015,2015,Guadalajara,14039,Jalisco,14,Tarjeta_informativa,33,Enfrentamiento,4,0,0,0,0,0,0,0,1,0,0,0,0,0,0,0
233,3/19/2015,2015,Guadalajara,14039,Jalisco,14,Tarjeta_informativa,33,Enfrentamiento,4,1,2,0,0,0,0,0,1,0,0,0,0,0,0,0
234,3/20/2015,2015,Guadalajara,14039,Jalisco,14,Tarjeta_informativa,33,Enfrentamiento,4,1,1,0,0,0,0,0,1,0,0,0,0,0,0,0
235,3/20/2015,2015,Guadalajara,14039,Jalisco,14,Tarjeta_informativa,33,Enfrentamiento,4,3,0,0,0,0,0,0,1,0,0,0,0,0,0,0
236,3/31/2015,2015,Reynosa,28032,Tamaulipas,28,Tarjeta_informativa,33,Enfrentamiento,4,0,0,0,0,1,0,0,1,0,0,0,0,0,0,0
237,04/01/2015,2015,Reynosa,28032,Tamaulipas,28,Tarjeta_informativa,33,Enfrentamiento,4,1,0,0,0,0,0,0,1,0,0,0,0,0,0,0
238,04/04/2015,2015,Reynosa,28032,Tamaulipas,28,Tarjeta_informativa,33,Enfrentamiento,4,0,0,1,1,0,0,0,1,0,0,0,0,0,0,0
239,04/09/2015,2015,Reynosa,28032,Tamaulipas,28,Tarjeta_informativa,33,Enfrentamiento,4,0,0,0,0,0,0,0,1,0,0,0,0,0,0,0
240,04/09/2015,2015,Reynosa,28032,Tamaulipas,28,Tarjeta_informativa,33,Enfrentamiento,4,0,0,0,0,2,0,0,1,0,1,0,0,0,0,0
241,4/17/2015,2015,Nuevo_Laredo,28027,Tamaulipas,28,Tarjeta_informativa,33,Enfrentamiento,4,0,0,0,0,1,0,0,1,0,0,0,0,0,0,0
242,4/18/2015,2015,Matamoros,28022,Tamaulipas,28,Tarjeta_informativa,33,Enfrentamiento,4,0,0,7,0,1,0,0,1,1,1,1,0,0,0,0
243,4/19/2015,2015,Irapuato,11017,Guanajuato,11,Informe_de_acciones_tactico-operativas,17,Enfrentamiento,4,0,0,0,0,0,0,0,1,0,0,0,0,0,0,0
244,4/21/2015,2015,Chilapa_de_Alvarez,12028,Guerrero,12,Informe_de_acciones,16,Enfrentamiento,4,1,1,0,0,0,0,0,1,1,0,0,0,0,0,0
245,4/30/2015,2015,Tonala,14101,Jalisco,14,Tarjeta_informativa,33,Enfrentamiento,4,0,0,2,1,0,0,0,1,0,0,0,0,0,0,0
246,4/30/2015,2015,Reynosa,28032,Tamaulipas,28,Tarjeta_informativa,33,Patrullaje_Enfrentamiento,11,0,0,0,0,0,0,0,1,0,0,0,0,0,0,0
247,05/01/2015,2015,sin_informacion,sin_informacion,Puebla,21,Tarjeta_informativa,33,sin_informacion,14,0,0,0,0,0,0,0,1,0,0,0,0,0,0,0
248,05/06/2015,2015,Puerto_Vallarta,14067,Jalisco,14,Tarjeta_informativa,33,sin_informacion,14,0,0,0,1,0,0,0,1,0,0,0,0,0,0,0
249,5/22/2015,2015,Fresnillo,32010,Zacatecas,32,Tarjeta_informativa,33,sin_informacion,14,0,0,0,0,1,0,0,1,0,0,0,0,0,0,0
250,5/22/2015,2015,sin_informacion,sin_informacion,Jalisco,14,Tarjeta_informativa,33,sin_informacion,14,3,0,3,1,1,0,0,1,0,0,0,0,0,0,0
251,5/22/2015,2015,sin_informacion,sin_informacion,Jalisco,14,Tarjeta_informativa,33,sin_informacion,14,1,1,0,1,1,0,0,1,0,0,0,0,0,0,0
252,08/02/2015,2015,Reynosa,28032,Tamaulipas,28,Tarjeta_informativa,33,sin_informacion,14,0,0,2,0,0,0,0,1,0,0,0,0,0,0,0
253,08/02/2015,2015,Ciudad_Madero,28009,Tamaulipas,28,Tarjeta_informativa,33,sin_informacion,14,2,0,0,0,0,0,0,1,0,0,0,0,0,0,0
254,08/04/2015,2015,Reynosa,28032,Tamaulipas,28,Tarjeta_informativa,33,sin_informacion,14,0,0,0,0,0,0,0,1,0,0,0,0,0,0,0
255,08/11/2015,2015,Matamoros,28022,Tamaulipas,28,Tarjeta_informativa,33,sin_informacion,14,0,0,0,0,0,0,0,1,0,0,0,0,0,0,0
256,8/26/2015,2015,Reynosa,28032,Tamaulipas,28,Tarjeta_informativa,33,Enfrentamiento,4,0,0,0,0,0,0,0,1,0,0,0,0,0,0,0
257,8/27/2015,2015,San_Fernando,28035,Tamaulipas,28,Tarjeta_informativa,33,Enfrentamiento,4,2,0,0,0,2,0,0,1,0,0,0,0,0,0,0
258,8/27/2015,2015,Nuevo_Laredo,28027,Tamaulipas,28,Tarjeta_informativa,33,Enfrentamiento,4,0,0,0,0,0,1,1,1,0,0,0,0,0,0,0
259,09/02/2015,2015,Altamira,28003,Tamaulipas,28,Puesta_a_disposicion,28,Enfrentamiento,4,0,0,2,0,1,0,0,1,0,0,0,0,0,0,0
260,09/09/2015,2015,Metepec,15054,Estado_de_Mexico,15,Tarjeta_informativa,33,Enfrentamiento,4,2,0,0,0,0,0,0,1,0,0,0,0,0,0,0
261,09/09/2015,2015,Tlalnepantla,15104,Estado_de_Mexico,15,Tarjeta_informativa,33,Enfrentamiento,4,2,0,0,0,0,0,0,1,0,0,0,0,0,0,0
262,9/26/2015,2015,Acapulco,12001,Guerrero,12,Tarjeta_informativa,33,Enfrentamiento,4,0,0,0,0,0,1,0,1,0,0,0,0,0,0,0
263,10/07/2015,2015,Puerto_Penasco,26048,Sonora,26,Informe,15,Enfrentamiento,4,0,0,0,0,1,0,1,1,0,0,0,0,0,0,0
264,10/27/2015,2015,Rio_Bravo,28033,Tamaulipas,28,Tarjeta_informativa,33,Enfrentamiento,4,1,0,0,0,0,0,0,1,0,0,0,0,0,0,0
265,12/10/2015,2015,sin_informacion,sin_informacion,sin_informacion,sin_informacion,Informe_de_actividades,18,Enfrentamiento,4,0,0,8,0,0,0,0,1,1,0,0,0,0,0,0
266,12/16/2015,2015,Acapulco,12001,Guerrero,12,Informe_de_hechos,19,Enfrentamiento,4,0,0,0,0,0,0,0,1,0,0,0,0,0,0,0
267,12/18/2015,2015,sin_informacion,sin_informacion,Tamaulipas,28,Tarjeta_informativa,33,Enfrentamiento,4,1,0,0,0,2,0,0,1,0,0,0,0,0,0,0
268,12/19/2015,2015,Matamoros,28022,Tamaulipas,28,Tarjeta_informativa,33,Enfrentamiento,4,0,0,0,0,2,0,0,1,0,0,0,0,0,0,0
269,12/31/2015,2015,Ciudad_Victoria,28041,Tamaulipas,28,Tarjeta_informativa,33,Enfrentamiento,4,0,0,1,1,2,0,0,1,0,0,0,0,0,0,0
270,1/18/2016,2016,San_Fernando,28035,Tamaulipas,28,Tarjeta_informativa,33,Enfrentamiento,4,0,0,0,0,1,0,0,1,0,0,0,0,0,0,0
271,1/27/2016,2016,Chilapa_de_Alvarez,12028,Guerrero,12,Tarjeta_informativa,33,Patrullaje,10,0,0,1,0,0,0,0,1,0,0,0,0,0,0,0
272,1/28/2016,2016,Chilapa_de_Alvarez,12028,Guerrero,12,Tarjeta_informativa,33,Enfrentamiento,4,1,0,2,0,1,0,0,1,0,0,0,0,0,0,0
273,1/30/2016,2016,Hermosillo,26030,Sonora,26,Informe_policial,20,Enfrentamiento,4,0,0,1,0,2,0,0,1,0,0,0,0,0,0,0
274,02/07/2016,2016,Madgalena_Apasco,20045,Oaxaca,20,Informe_de_hechos,19,Agresion,2,0,0,0,0,0,0,0,1,0,0,0,0,0,0,0
275,2/29/2016,2016,Lazaro_Cardenas,16052,Michoacan,16,Informe,15,Enfrentamiento,4,0,0,0,0,0,1,0,1,0,0,0,0,0,0,0
276,3/13/2016,2016,Reynosa,28032,Tamaulipas,28,Tarjeta_informativa,33,Agresion,2,2,0,0,0,0,0,0,1,0,0,0,0,0,0,0
277,4/14/2016,2016,San_Fernando,28035,Tamaulipas,28,Tarjeta_informativa,33,Enfrentamiento,4,0,0,0,1,0,0,0,1,0,0,0,0,0,0,0
278,4/25/2016,2016,sin_informacion,sin_informacion,sin_informacion,sin_informacion,Tarjeta_informativa,33,Enfrentamiento,4,1,0,0,1,0,0,0,1,0,0,0,0,0,0,0
279,5/13/2016,2016,Chalco,15025,Estado_de_Mexico,15,Informe,15,Enfrentamiento,4,0,0,1,1,0,0,0,1,0,0,0,0,0,0,0
280,5/17/2016,2016,Poza_Rica,30131,Veracruz,30,Puesta_a_disposicion,28,Enfrentamiento,4,0,0,0,0,0,0,0,1,0,0,0,0,0,0,0
281,5/18/2016,2016,San_Fernando,28035,Tamaulipas,28,Tarjeta_informativa,33,Enfrentamiento,4,0,0,0,0,0,0,0,1,0,0,0,0,0,0,0
282,5/19/2016,2016,San_Martin_de_las_Piramides,15075,Estado_de_Mexico,15,Tarjeta_informativa,33,Agresion,2,1,0,0,0,0,0,0,1,0,0,0,0,0,0,0
283,5/24/2016,2016,sin_informacion,sin_informacion,sin_informacion,sin_informacion,Tarjeta_informativa,33,Enfrentamiento,4,0,0,0,0,0,0,0,1,0,0,0,0,0,0,0
284,5/25/2016,2016,San_Fernando,28035,Tamaulipas,28,Tarjeta_informativa,33,Enfrentamiento,4,0,0,0,0,1,0,0,1,0,0,0,0,0,0,0
285,5/26/2016,2016,Orizaba,30118,Veracruz,30,Informe,15,Enfrentamiento,4,0,0,1,0,0,0,0,1,0,0,0,0,0,0,0
286,06/04/2016,2016,Nuevo_Laredo,28027,Tamaulipas,28,Tarjeta_informativa,33,Enfrentamiento,4,2,0,0,0,0,0,0,1,0,0,0,0,0,0,0
287,6/13/2016,2016,San_Fernando,28035,Tamaulipas,28,Tarjeta_informativa,33,Enfrentamiento,4,0,0,0,0,1,0,0,1,0,0,0,0,0,0,0
288,6/13/2016,2016,San_Fernando,28035,Tamaulipas,28,Tarjeta_informativa,33,Enfrentamiento,4,0,0,0,0,0,0,0,1,0,0,0,0,0,0,0
289,7/13/2016,2016,Los_Mochis ,25001,Sinaloa,25,Tarjeta_informativa,33,Agresion,2,0,1,0,0,0,0,0,1,0,0,0,0,0,0,0
290,7/20/2016,2016,San_Fernando,28035,Tamaulipas,28,Tarjeta_informativa,33,Enfrentamiento,4,0,0,0,0,7,0,0,1,0,0,0,0,0,0,0
291,8/13/2016,2016,Escobedo,19021,Nuevo_Leon,19,Tarjeta_informativa,33,Enfrentamiento,4,1,0,0,0,0,0,0,1,0,0,0,0,0,0,0
292,8/26/2016,2016,Uruapan,16102,Michoacan,16,Informe,15,Enfrentamiento,4,1,0,0,0,0,0,1,1,0,0,0,0,0,0,0
293,8/29/2016,2016,Reynosa,28032,Tamaulipas,28,Tarjeta_informativa,33,Enfrentamiento,4,2,0,0,0,0,0,0,1,0,1,0,0,0,0,0
294,09/02/2016,2016,H_Veracruz,30193,Veracruz,30,Informe,15,Enfrentamiento,4,0,0,0,0,0,0,0,1,0,0,0,0,0,0,0
295,10/11/2016,2016,sin_informacion,sin_informacion,sin_informacion,sin_informacion,Tarjeta_informativa,33,Enfrentamiento,4,0,0,0,0,0,0,0,1,0,0,0,0,0,0,0
296,10/13/2016,2016,H_Cardenas,27002,Tabasco,27,Informe,15,Enfrentamiento,4,1,0,0,0,0,0,0,1,0,0,0,0,0,0,0
297,11/02/2016,2016,Teziutlan,21174,Puebla,21,Puesta_a_disposicion,28,Enfrentamiento,4,0,0,1,1,0,0,0,1,0,0,0,0,0,0,0
298,11/30/2016,2016,Colima,6002,Colima,6,Tarjeta_informativa,33,Agresion,2,1,0,0,0,0,1,1,1,0,0,0,0,0,0,0
299,1/17/2017,2017,Xalapa,30087,Veracruz,30,Tarjeta_informativa,33,Enfrentamiento,4,0,0,1,0,0,0,0,1,0,0,0,0,0,0,0
300,02/12/2017,2017,Yahuquemecahan,29043,Tlaxcala,29,Tarjeta_informativa,33,Enfrentamiento,4,5,0,0,0,0,0,0,1,0,0,0,0,0,0,0
301,2/15/2017,2017,Uruapan,16102,Michoacan,16,Informe,15,Enfrentamiento,4,0,0,0,0,0,0,0,1,0,0,0,0,0,0,0
302,04/05/2017,2017,Palenque,7065,Chiapas,7,Tarjeta_informativa,33,Enfrentamiento,4,0,0,0,0,0,1,0,1,0,0,0,0,0,0,0
303,04/08/2017,2017,Culiacan,25006,Sinaloa,25,Tarjeta_informativa,33,Enfrentamiento,4,2,0,2,0,0,0,0,1,0,0,0,0,0,0,0
304,4/17/2017,2017,Zamora,16108,Michoacan,16,Informe,15,Enfrentamiento,4,0,0,0,0,0,0,0,1,0,0,0,0,0,0,0
305,4/22/2017,2017,Reynosa,28032,Tamaulipas,28,Tarjeta_informativa,33,Enfrentamiento,4,0,0,0,0,0,0,0,1,0,0,0,0,0,0,0
306,05/04/2017,2017,Guaymas,26029,Sonora,26,Tarjeta_informativa,33,Enfrentamiento,4,0,0,0,2,0,0,0,1,0,0,0,0,0,0,0
307,06/04/2017,2017,Reynosa,28032,Tamaulipas,28,Tarjeta_informativa,33,Enfrentamiento,4,0,0,0,0,3,0,0,1,0,0,0,0,0,0,0
308,6/17/2017,2017,Reynosa,28032,Tamaulipas,28,Tarjeta_informativa,33,Agresion,2,0,0,0,0,0,0,0,1,0,0,0,0,0,0,0
309,6/18/2017,2017,Reynosa,28032,Tamaulipas,28,Tarjeta_informativa,33,Enfrentamiento,4,0,0,0,0,2,0,0,1,0,0,0,0,0,0,0
310,6/29/2017,2017,sin_informacion,sin_informacion,Puebla,21,Puesta_a_disposicion,28,sin_informacion,14,0,0,1,0,0,0,0,1,0,0,0,0,0,0,0
311,07/01/2017,2017,Linares,19033,Nuevo_Leon,19,Tarjeta_informativa,33,sin_informacion,14,1,0,0,0,0,1,0,1,0,0,0,0,0,0,0
312,7/21/2017,2017,San_Fernando,28035,Tamaulipas,28,Tarjeta_informativa,33,sin_informacion,14,0,0,0,0,1,0,0,1,0,0,0,0,0,0,0
313,9/20/2017,2017,Orizaba,30118,Veracruz,30,Tarjeta_informativa,33,sin_informacion,14,0,0,4,2,1,0,0,1,0,0,0,0,0,0,0
314,10/14/2017,2017,Apatzingan,16006,Michoacan,16,Tarjeta_informativa,33,sin_informacion,14,0,0,0,1,0,0,0,1,0,0,0,0,0,0,0
315,11/08/2017,2017,Uruapan,16102,Michoacan,16,Informe,15,sin_informacion,14,1,0,0,0,0,0,0,1,0,0,0,0,0,0,0
316,1/19/2018,2018,Cuernavaca,17007,Morelos,17,Informe_de_hechos,19,sin_informacion,14,0,0,1,0,0,1,0,1,0,0,0,0,0,0,0
317,1/27/2018,2018,Puebla,21114,Puebla,21,Puesta_a_disposicion,28,sin_informacion,14,0,0,1,0,0,0,0,1,0,0,0,0,0,0,0
318,1/30/2018,2018,Tampico,28038,Tamaulipas,28,Tarjeta_informativa,33,sin_informacion,14,0,0,0,0,0,0,0,1,0,0,0,0,0,0,0
319,02/08/2018,2018,Villahermosa,27004,Tabasco,27,Puesta_a_disposicion,28,sin_informacion,14,0,0,0,0,0,0,0,1,0,0,0,0,0,0,0
320,02/10/2018,2018,Poza_Rica,30131,Veracruz,30,Informe,15,sin_informacion,14,0,0,0,0,0,0,0,1,0,0,0,0,0,0,0
321,02/10/2018,2018,Reynosa,28032,Tamaulipas,28,Tarjeta_informativa,33,sin_informacion,14,0,0,2,0,0,0,0,1,0,1,0,1,0,0,0
322,02/10/2018,2018,Reynosa,28032,Tamaulipas,28,Tarjeta_informativa,33,sin_informacion,14,0,0,0,0,1,0,0,1,0,0,0,0,0,0,0
323,2/22/2018,2018,Ciudad_Madera,8040,Chihuahua,8,Tarjeta_informativa,33,sin_informacion,14,0,0,7,0,1,0,0,1,0,0,0,0,0,0,0
324,03/07/2018,2018,Ciudad_Madera,8040,Chihuahua,8,Tarjeta_informativa,33,sin_informacion,14,0,0,0,0,0,0,0,1,0,0,0,0,0,0,0
325,3/13/2018,2018,Ciudad_Madera,8040,Chihuahua,8,Tarjeta_informativa,33,sin_informacion,14,0,0,0,0,1,0,0,1,0,0,0,0,0,0,0
326,3/22/2018,2018,Cajeme,26018,Sonora,26,Informe_policial_homologado,21,sin_informacion,14,0,0,1,0,0,0,0,1,0,0,0,0,0,0,0
327,3/23/2018,2018,Pungurabato,12050,Guerrero,12,Carpeta_de_investigacion,11,sin_informacion,14,0,0,0,0,0,0,0,1,0,0,0,0,0,0,0
328,3/23/2018,2018,Coyuca_de_Catalan,12022,Guerrero,12,Informe_policial_homologado,21,Agresion,2,0,0,0,0,0,0,0,1,0,0,0,0,0,0,0
329,3/23/2018,2018,Pungurabato,12050,Guerrero,12,Informe_policial_homologado,21,Enfrentamiento,4,0,0,0,0,0,0,0,1,0,0,0,0,0,0,0
330,4/14/2018,2018,Reynosa,28032,Tamaulipas,28,Tarjeta_informativa,33,Enfrentamiento,4,0,0,0,0,0,0,0,1,0,0,0,0,0,0,0
331,4/16/2018,2018,Coyuca_de_Catalan,12022,Guerrero,12,Informe_policial_homologado,21,Enfrentamiento,4,2,0,0,0,0,0,0,1,0,0,0,0,0,0,0
332,4/16/2018,2018,General_Escobedo,19021,Nuevo_Leon,19,Tarjeta_informativa,33,Enfrentamiento,4,0,0,1,1,0,0,0,1,0,0,0,1,1,0,0
333,4/24/2018,2018,Perote,30128,Veracruz,30,Tarjeta_informativa,33,Enfrentamiento,4,0,0,0,0,1,0,0,1,0,0,0,0,0,0,0
334,4/30/2018,2018,Salamanca,11027,Guanajuato,11,Informe_policial_homologado,21,Enfrentamiento,4,0,0,0,0,0,0,0,1,0,0,0,0,0,0,0
335,05/01/2018,2018,sin_informacion,sin_informacion,Zacatecas,32,Informe_policial_homologado,21,Enfrentamiento,4,0,0,0,0,0,0,0,1,0,0,0,0,0,0,0
336,05/06/2015,2015,Ciudad_Altamirano,12050,Guerrero,12,Informe_de_hechos,19,Enfrentamiento,4,0,0,2,2,0,0,0,1,0,0,0,0,0,0,0
337,05/07/2018,2018,Orizaba,30118,Veracruz,30,Tarjeta_informativa,33,Enfrentamiento,4,0,0,0,0,1,0,0,1,0,0,0,0,0,0,0
338,5/22/2018,2018,Lazaro_Cardenas,16052,Michoacan,16,Tarjeta_informativa,33,Enfrentamiento,4,0,0,0,0,0,0,0,1,0,0,0,0,0,0,0
339,5/31/2018,2018,Tlalnepantla,15104,Estado_de_Mexico,15,Tarjeta_informativa,33,Enfrentamiento,4,0,0,0,0,0,0,0,1,0,0,0,0,0,0,0
340,06/03/2018,2018,sin_informacion,sin_informacion,CDMX,9,Informe,15,Enfrentamiento,4,0,0,2,0,0,0,0,1,0,0,0,0,0,0,0
341,06/08/2018,2018,Tlalnepantla,15104,Estado_de_Mexico,15,Tarjeta_informativa,33,Agresion,2,0,0,0,0,0,0,0,1,0,0,0,0,0,0,0
342,6/20/2018,2018,Tapachula_de_Cordova_y_Ordonez,7089,Chiapas,7,Denuncia_de_hechos,13,Agresion,2,0,0,0,0,0,0,0,1,0,0,0,0,0,0,0
343,6/20/2018,2018,Acapulco,12001,Guerrero,12,Informacion_sensible,14,Agresion,2,0,0,1,0,0,0,0,1,0,0,0,0,0,0,0
344,07/02/2018,2018,Rio_Grande,32039,Zacatecas,32,Informe_policial_homologado,21,Persecusion,12,0,0,1,0,0,0,0,1,0,0,0,0,0,0,0
345,7/13/2018,2018,Cuauhtemoc,8017,Chihuahua,8,Informe,15,Enfrentamiento,4,0,0,0,0,1,0,0,1,0,0,0,0,0,0,0
346,7/27/2018,2018,Cajeme,26018,Sonora,26,Informe_policial_homologado,21,Persecusion,12,0,0,1,0,0,0,0,1,0,0,0,0,0,0,0
347,7/19/2018,2018,Ciudad_Madera,8040,Chihuahua,8,Puesta_a_disposicion,28,Enfrentamiento,4,0,0,0,0,2,0,0,1,0,0,0,0,0,0,0
348,7/19/2018,2018,Ciudad_Madera,8040,Chihuahua,8,Puesta_a_disposicion,28,Enfrentamiento,4,0,0,0,0,2,0,0,1,0,0,0,0,0,0,0
349,7/20/2018,2018,Ciudad_Madera,8040,Chihuahua,8,Tarjeta_informativa,33,Enfrentamiento,4,0,0,0,0,0,0,1,1,0,0,0,0,0,0,0
350,7/21/2018,2018,Ciudad_Madera,8040,Chihuahua,8,Tarjeta_informativa,33,Enfrentamiento,4,0,0,0,0,2,0,0,1,0,0,0,0,0,0,0
351,08/02/2018,2018,Villahermosa,27004,Tabasco,27,Puesta_a_disposicion,28,sin_informacion,14,0,0,0,0,0,0,0,1,0,0,0,1,0,0,0
352,08/09/2018,2018,Cuauhtemoc,8017,Chihuahua,8,Tarjeta_informativa,33,sin_informacion,14,0,0,0,0,1,0,0,1,0,0,0,0,0,0,0
353,08/09/2018,2018,Cuauhtemoc,8017,Chihuahua,8,Tarjeta_informativa,33,sin_informacion,14,0,0,0,0,1,0,0,1,0,0,0,0,0,0,0
354,08/10/2018,2018,Canada_Morelos,21099,Puebla,21,Tarjeta_informativa,33,sin_informacion,14,3,0,1,0,0,0,0,1,0,0,0,0,0,0,0
355,8/22/2018,2018,Orizaba,30118,Veracruz,30,Tarjeta_informativa,33,sin_informacion,14,0,0,1,0,1,0,0,1,0,0,0,0,0,0,0
356,09/04/2018,2018,Salamanca,11027,Guanajuato,11,Puesta_a_disposicion,28,sin_informacion,14,1,0,0,0,0,0,0,1,0,0,0,0,0,0,0
357,9/14/2018,2018,Tecamachalco,21154,Puebla,21,Denuncia_de_hechos,13,sin_informacion,14,2,0,0,0,0,0,0,1,0,0,0,0,0,0,0
358,9/14/2018,2018,Tecamachalco,21154,Puebla,21,Puesta_a_disposicion,28,sin_informacion,14,2,0,0,0,0,0,0,1,0,0,0,0,0,0,0
359,9/19/2018,2018,Salamanca,11027,Guanajuato,11,Informe,15,sin_informacion,14,0,0,1,1,0,0,0,1,0,0,0,0,0,0,0
360,9/29/2018,2018,Irapuato,11017,Guanajuato,11,Tarjeta_informativa,33,Enfrentamiento,4,0,0,0,0,7,0,0,1,0,0,0,0,0,0,0
361,10/12/2018,2018,Reynosa,28032,Tamaulipas,28,Tarjeta_informativa,33,Enfrentamiento,4,2,0,0,0,0,0,0,1,1,0,0,0,0,0,0
362,10/16/2018,2018,Guadalajara,14039,Jalisco,14,Tarjeta_informativa,33,Enfrentamiento,4,5,0,0,0,0,0,0,1,0,0,0,0,0,0,0
363,10/27/2018,2018,Matamoros,28022,Tamaulipas,28,Tarjeta_informativa,33,Enfrentamiento,4,0,0,0,1,0,0,0,1,0,0,0,0,0,0,0
364,11/14/2018,2018,Irapuato,11017,Guanajuato,11,Tarjeta,32,Agresion,2,1,0,0,0,0,0,0,1,0,0,0,0,0,0,0
365,3/22/2019,2019,sin_informacion,sin_informacion,CDMX,9,Respuesta_a_solicitud,31,sin_informacion,14,0,0,0,0,0,0,0,1,0,0,0,0,0,0,0
366,sin_informacion,sin_informacion,sin_informacion,sin_informacion,sin_informacion,sin_informacion,Informe_policial_homologado,21,sin_informacion,14,0,0,0,0,0,0,0,1,0,0,0,0,0,0,0
367,sin_informacion,sin_informacion,sin_informacion,sin_informacion,sin_informacion,sin_informacion,Puesta_a_disposicion,28,sin_informacion,14,2,0,1,0,4,0,0,1,0,0,0,0,0,0,0
368,sin_informacion,sin_informacion,sin_informacion,sin_informacion,sin_informacion,sin_informacion,Tarjeta_informativa,33,sin_informacion,14,0,0,1,0,0,0,0,1,0,0,0,0,0,0,0
369,sin_informacion,sin_informacion,sin_informacion,sin_informacion,sin_informacion,sin_informacion,Tarjeta_informativa,33,sin_informacion,14,0,0,0,0,1,0,0,1,0,0,0,0,0,0,0
370,sin_informacion,sin_informacion,sin_informacion,sin_informacion,sin_informacion,sin_informacion,Tarjeta_informativa,33,sin_informacion,14,0,0,0,0,2,0,0,1,0,0,0,0,0,0,0
371,sin_informacion,sin_informacion,sin_informacion,sin_informacion,sin_informacion,sin_informacion,Tarjeta_informativa,33,sin_informacion,14,0,0,0,0,1,0,0,1,0,0,0,0,0,0,0
372,sin_informacion,sin_informacion,sin_informacion,sin_informacion,sin_informacion,sin_informacion,Tarjeta_informativa,33,sin_informacion,14,2,0,1,0,4,0,0,1,0,0,0,0,0,0,0
373,sin_informacion,sin_informacion,sin_informacion,sin_informacion,sin_informacion,sin_informacion,Tarjeta_informativa,33,sin_informacion,14,0,0,0,0,4,0,0,1,0,0,0,0,0,0,0
374,sin_informacion,sin_informacion,sin_informacion,sin_informacion,sin_informacion,sin_informacion,Tarjeta_informativa,33,Enfrentamiento,4,4,0,0,0,0,0,0,1,0,0,0,0,0,0,0
375,sin_informacion,sin_informacion,sin_informacion,sin_informacion,sin_informacion,sin_informacion,Tarjeta_informativa,33,Enfrentamiento,4,1,0,0,0,4,0,0,1,0,0,0,0,0,0,0
376,sin_informacion,sin_informacion,sin_informacion,sin_informacion,sin_informacion,sin_informacion,Tarjeta_informativa,33,Enfrentamiento,4,2,0,0,0,0,0,0,1,0,0,0,0,0,0,0
377,sin_informacion,sin_informacion,sin_informacion,sin_informacion,sin_informacion,sin_informacion,Tarjeta_informativa,33,Enfrentamiento,4,2,0,0,0,6,0,0,1,0,0,0,0,0,0,0
378,12/04/2018,2018,sin_informacion,sin_informacion,CDMX,9,Respuesta_a_solicitud,31,sin_informacion,14,0,0,0,0,0,0,0,1,0,0,0,0,0,0,0
379,05/03/2008,2008,Culiacan,25006,Sinaloa,25,Tarjeta_informativa,33,Enfrentamiento,4,1,3,0,0,0,0,0,1,0,0,0,1,0,0,0
380,07/11/2009,2009,Morelia,16053,Michoacan,16,Tarjeta_informativa,33,Enfrentamiento,4,2,0,0,0,0,0,0,1,0,0,0,0,0,0,0
381,05/08/2012,2012,Orizaba,30118,Veracruz,30,Tarjeta_informativa,33,Enfrentamiento,4,0,0,1,0,0,0,0,1,0,0,0,0,0,0,0
382,12/29/2017,2017,Salamanca,11027,Guanajuato,11,Tarjeta_informativa,33,Enfrentamiento,4,0,0,1,0,0,1,0,1,0,0,0,0,0,0,0
384,4/25/2016,2016,Acapulco,12001,Guerrero,12,Parte_Informativo_de_Hechos,25,Enfrentamiento,4,0,0,0,0,0,0,0,1,0,0,0,0,0,0,0
385,12/18/2013,2013,sin_informacion,sin_informacion,sin_informacion,sin_informacion,Reporte_de_novedades_operativas,30,Enfrentamiento,4,1,0,0,0,0,0,0,1,0,1,0,0,0,0,0
386,12/19/2013,2013,sin_informacion,sin_informacion,sin_informacion,sin_informacion,Reporte_de_novedades_operativas,30,Enfrentamiento,4,1,0,0,0,0,0,0,1,0,1,0,0,0,0,0
387,4/24/2015,2015,Altamira,28003,Tamaulipas,28,Reporte_de_novedades_operativas,30,Enfrentamiento,4,0,0,0,0,0,0,0,1,0,1,0,0,0,0,0
388,12/18/2013,2013,San_Luis_Rio_Colorado,26055,Sonora,26,Reporte_de_novedades_operativas,30,Enfrentamiento,4,1,0,1,0,0,0,0,1,0,1,0,0,0,0,0
389,4/27/2015,2015,Soto_La_Marina,28037,Tamaulipas,28,Reporte_cronologico,29,Enfrentamiento,4,0,0,0,0,0,0,0,1,0,1,0,0,0,0,0
390,4/22/2015,2015,Altamira,28003,Tamaulipas,28,Reporte_de_novedades_operativas,30,Enfrentamiento,4,0,0,0,0,0,0,0,1,0,1,0,0,0,0,0
